id,value
대한민국,
대한민국.강원도,
대한민국.강원도.횡성군,
대한민국.강원도.횡성군.남자(내),22271
대한민국.강원도.횡성군.여자(내),21446
대한민국.강원도.횡성군.남자(외),520
대한민국.강원도.횡성군.여자(외),475
대한민국.강원도.화천군,
대한민국.강원도.화천군.남자(내),12371
대한민국.강원도.화천군.여자(내),10387
대한민국.강원도.화천군.남자(외),149
대한민국.강원도.화천군.여자(외),185
대한민국.강원도.홍천군,
대한민국.강원도.홍천군.남자(내),33098
대한민국.강원도.홍천군.여자(내),31384
대한민국.강원도.홍천군.남자(외),613
대한민국.강원도.홍천군.여자(외),563
대한민국.강원도.평창군,
대한민국.강원도.평창군.남자(내),19481
대한민국.강원도.평창군.여자(내),18450
대한민국.강원도.평창군.남자(외),300
대한민국.강원도.평창군.여자(외),382
대한민국.강원도.태백시,
대한민국.강원도.태백시.남자(내),20307
대한민국.강원도.태백시.여자(내),19725
대한민국.강원도.태백시.남자(외),98
대한민국.강원도.태백시.여자(외),265
대한민국.강원도.춘천시,
대한민국.강원도.춘천시.남자(내),138878
대한민국.강원도.춘천시.여자(내),142960
대한민국.강원도.춘천시.남자(외),2678
대한민국.강원도.춘천시.여자(외),2588
대한민국.강원도.철원군,
대한민국.강원도.철원군.남자(내),21228
대한민국.강원도.철원군.여자(내),19685
대한민국.강원도.철원군.남자(외),541
대한민국.강원도.철원군.여자(외),401
대한민국.강원도.정선군,
대한민국.강원도.정선군.남자(내),17437
대한민국.강원도.정선군.여자(내),15960
대한민국.강원도.정선군.남자(외),107
대한민국.강원도.정선군.여자(외),282
대한민국.강원도.인제군,
대한민국.강원도.인제군.남자(내),16366
대한민국.강원도.인제군.여자(내),13817
대한민국.강원도.인제군.남자(외),232
대한민국.강원도.인제군.여자(외),255
대한민국.강원도.원주시,
대한민국.강원도.원주시.남자(내),174887
대한민국.강원도.원주시.여자(내),177735
대한민국.강원도.원주시.남자(외),2295
대한민국.강원도.원주시.여자(외),2307
대한민국.강원도.영월군,
대한민국.강원도.영월군.남자(내),18273
대한민국.강원도.영월군.여자(내),17066
대한민국.강원도.영월군.남자(외),142
대한민국.강원도.영월군.여자(외),247
대한민국.강원도.양양군,
대한민국.강원도.양양군.남자(내),13350
대한민국.강원도.양양군.여자(내),12878
대한민국.강원도.양양군.남자(외),209
대한민국.강원도.양양군.여자(외),195
대한민국.강원도.양구군,
대한민국.강원도.양구군.남자(내),10902
대한민국.강원도.양구군.여자(내),9808
대한민국.강원도.양구군.남자(외),209
대한민국.강원도.양구군.여자(외),202
대한민국.강원도.속초시,
대한민국.강원도.속초시.남자(내),39307
대한민국.강원도.속초시.여자(내),39591
대한민국.강원도.속초시.남자(외),842
대한민국.강원도.속초시.여자(외),622
대한민국.강원도.삼척시,
대한민국.강원도.삼척시.남자(내),32793
대한민국.강원도.삼척시.여자(내),30795
대한민국.강원도.삼척시.남자(외),500
대한민국.강원도.삼척시.여자(외),376
대한민국.강원도.동해시,
대한민국.강원도.동해시.남자(내),43838
대한민국.강원도.동해시.여자(내),42420
대한민국.강원도.동해시.남자(외),546
대한민국.강원도.동해시.여자(외),460
대한민국.강원도.고성군,
대한민국.강원도.고성군.남자(내),12876
대한민국.강원도.고성군.여자(내),12234
대한민국.강원도.고성군.남자(외),1099
대한민국.강원도.고성군.여자(외),441
대한민국.강원도.강릉시,
대한민국.강원도.강릉시.남자(내),106691
대한민국.강원도.강릉시.여자(내),106613
대한민국.강원도.강릉시.남자(외),1633
대한민국.강원도.강릉시.여자(외),1623
대한민국.경기도,
대한민국.경기도.화성시,
대한민국.경기도.화성시.남자(내),441545
대한민국.경기도.화성시.여자(내),411874
대한민국.경기도.화성시.남자(외),35918
대한민국.경기도.화성시.여자(외),17044
대한민국.경기도.하남시,
대한민국.경기도.하남시.남자(내),150739
대한민국.경기도.하남시.여자(내),151262
대한민국.경기도.하남시.남자(외),1756
대한민국.경기도.하남시.여자(외),1713
대한민국.경기도.포천시,
대한민국.경기도.포천시.남자(내),74004
대한민국.경기도.포천시.여자(내),67418
대한민국.경기도.포천시.남자(외),11860
대한민국.경기도.포천시.여자(외),4320
대한민국.경기도.평택시,
대한민국.경기도.평택시.남자(내),280448
대한민국.경기도.평택시.여자(내),257964
대한민국.경기도.평택시.남자(외),18804
대한민국.경기도.평택시.여자(외),14622
대한민국.경기도.팔달구,
대한민국.경기도.팔달구.남자(내),88559
대한민국.경기도.팔달구.여자(내),87103
대한민국.경기도.팔달구.남자(외),10699
대한민국.경기도.팔달구.여자(외),9057
대한민국.경기도.파주시,
대한민국.경기도.파주시.남자(내),232705
대한민국.경기도.파주시.여자(내),227828
대한민국.경기도.파주시.남자(외),9875
대한민국.경기도.파주시.여자(외),4804
대한민국.경기도.처인구,
대한민국.경기도.처인구.남자(내),130246
대한민국.경기도.처인구.여자(내),124825
대한민국.경기도.처인구.남자(외),8162
대한민국.경기도.처인구.여자(외),4882
대한민국.경기도.중원구,
대한민국.경기도.중원구.남자(내),103528
대한민국.경기도.중원구.여자(내),101491
대한민국.경기도.중원구.남자(외),1846
대한민국.경기도.중원구.여자(외),2305
대한민국.경기도.장안구,
대한민국.경기도.장안구.남자(내),135350
대한민국.경기도.장안구.여자(내),132617
대한민국.경기도.장안구.남자(외),5002
대한민국.경기도.장안구.여자(외),4817
대한민국.경기도.일산서구,
대한민국.경기도.일산서구.남자(내),137165
대한민국.경기도.일산서구.여자(내),145707
대한민국.경기도.일산서구.남자(외),2325
대한민국.경기도.일산서구.여자(외),2546
대한민국.경기도.일산동구,
대한민국.경기도.일산동구.남자(내),138950
대한민국.경기도.일산동구.여자(내),148095
대한민국.경기도.일산동구.남자(외),3177
대한민국.경기도.일산동구.여자(외),2792
대한민국.경기도.이천시,
대한민국.경기도.이천시.남자(내),113519
대한민국.경기도.이천시.여자(내),105868
대한민국.경기도.이천시.남자(외),5736
대한민국.경기도.이천시.여자(외),4198
대한민국.경기도.의정부시,
대한민국.경기도.의정부시.남자(내),221045
대한민국.경기도.의정부시.여자(내),227821
대한민국.경기도.의정부시.남자(외),2943
대한민국.경기도.의정부시.여자(외),3645
대한민국.경기도.의왕시,
대한민국.경기도.의왕시.남자(내),78703
대한민국.경기도.의왕시.여자(내),79863
대한민국.경기도.의왕시.남자(외),730
대한민국.경기도.의왕시.여자(외),819
대한민국.경기도.용인시,
대한민국.경기도.용인시.남자(내),516763
대한민국.경기도.용인시.여자(내),525760
대한민국.경기도.용인시.남자(외),13586
대한민국.경기도.용인시.여자(외),11238
대한민국.경기도.오산시,
대한민국.경기도.오산시.남자(내),117164
대한민국.경기도.오산시.여자(내),109080
대한민국.경기도.오산시.남자(외),8298
대한민국.경기도.오산시.여자(외),7755
대한민국.경기도.영통구,
대한민국.경기도.영통구.남자(내),178967
대한민국.경기도.영통구.여자(내),177750
대한민국.경기도.영통구.남자(외),4627
대한민국.경기도.영통구.여자(외),4865
대한민국.경기도.연천군,
대한민국.경기도.연천군.남자(내),21164
대한민국.경기도.연천군.여자(내),19319
대한민국.경기도.연천군.남자(외),783
대한민국.경기도.연천군.여자(외),376
대한민국.경기도.여주시,
대한민국.경기도.여주시.남자(내),55044
대한민국.경기도.여주시.여자(내),53378
대한민국.경기도.여주시.남자(외),2880
대한민국.경기도.여주시.여자(외),1968
대한민국.경기도.양평군,
대한민국.경기도.양평군.남자(내),56759
대한민국.경기도.양평군.여자(내),56640
대한민국.경기도.양평군.남자(외),954
대한민국.경기도.양평군.여자(외),1263
대한민국.경기도.양주시,
대한민국.경기도.양주시.남자(내),115830
대한민국.경기도.양주시.여자(내),114342
대한민국.경기도.양주시.남자(외),6786
대한민국.경기도.양주시.여자(외),2842
대한민국.경기도.안양시,
대한민국.경기도.안양시.남자(내),260994
대한민국.경기도.안양시.여자(내),267605
대한민국.경기도.안양시.남자(외),4957
대한민국.경기도.안양시.여자(외),5373
대한민국.경기도.안성시,
대한민국.경기도.안성시.남자(내),95782
대한민국.경기도.안성시.여자(내),90196
대한민국.경기도.안성시.남자(외),11068
대한민국.경기도.안성시.여자(외),6851
대한민국.경기도.안산시,
대한민국.경기도.안산시.남자(내),326593
대한민국.경기도.안산시.여자(내),311863
대한민국.경기도.안산시.남자(외),44584
대한민국.경기도.안산시.여자(외),35344
대한민국.경기도.시흥시,
대한민국.경기도.시흥시.남자(내),261074
대한민국.경기도.시흥시.여자(내),239606
대한민국.경기도.시흥시.남자(외),31069
대한민국.경기도.시흥시.여자(외),22325
대한민국.경기도.수지구,
대한민국.경기도.수지구.남자(내),174916
대한민국.경기도.수지구.여자(내),183778
대한민국.경기도.수지구.남자(외),2052
대한민국.경기도.수지구.여자(외),2778
대한민국.경기도.수정구,
대한민국.경기도.수정구.남자(내),115890
대한민국.경기도.수정구.여자(내),113763
대한민국.경기도.수정구.남자(외),7257
대한민국.경기도.수정구.여자(외),7148
대한민국.경기도.수원시,
대한민국.경기도.수원시.남자(내),581519
대한민국.경기도.수원시.여자(내),572833
대한민국.경기도.수원시.남자(외),27864
대한민국.경기도.수원시.여자(외),26121
대한민국.경기도.성남시,
대한민국.경기도.성남시.남자(내),440440
대한민국.경기도.성남시.여자(내),449128
대한민국.경기도.성남시.남자(외),11508
대한민국.경기도.성남시.여자(외),12406
대한민국.경기도.상록구,
대한민국.경기도.상록구.남자(내),174858
대한민국.경기도.상록구.여자(내),168208
대한민국.경기도.상록구.남자(외),10789
대한민국.경기도.상록구.여자(외),10454
대한민국.경기도.분당구,
대한민국.경기도.분당구.남자(내),221022
대한민국.경기도.분당구.여자(내),233874
대한민국.경기도.분당구.남자(외),2405
대한민국.경기도.분당구.여자(외),2953
대한민국.경기도.부천시,
대한민국.경기도.부천시.남자(내),386819
대한민국.경기도.부천시.여자(내),396094
대한민국.경기도.부천시.남자(외),19785
대한민국.경기도.부천시.여자(외),19937
대한민국.경기도.만안구,
대한민국.경기도.만안구.남자(내),115922
대한민국.경기도.만안구.여자(내),116654
대한민국.경기도.만안구.남자(외),3940
대한민국.경기도.만안구.여자(외),3985
대한민국.경기도.동안구,
대한민국.경기도.동안구.남자(내),145072
대한민국.경기도.동안구.여자(내),150951
대한민국.경기도.동안구.남자(외),1017
대한민국.경기도.동안구.여자(외),1388
대한민국.경기도.동두천시,
대한민국.경기도.동두천시.남자(내),45103
대한민국.경기도.동두천시.여자(내),45614
대한민국.경기도.동두천시.남자(외),2325
대한민국.경기도.동두천시.여자(외),1870
대한민국.경기도.덕양구,
대한민국.경기도.덕양구.남자(내),227967
대한민국.경기도.덕양구.여자(내),234009
대한민국.경기도.덕양구.남자(외),3111
대한민국.경기도.덕양구.여자(외),3669
대한민국.경기도.단원구,
대한민국.경기도.단원구.남자(내),151735
대한민국.경기도.단원구.여자(내),143655
대한민국.경기도.단원구.남자(외),33795
대한민국.경기도.단원구.여자(외),24890
대한민국.경기도.남양주시,
대한민국.경기도.남양주시.남자(내),348943
대한민국.경기도.남양주시.여자(내),354338
대한민국.경기도.남양주시.남자(외),5727
대한민국.경기도.남양주시.여자(외),4541
대한민국.경기도.김포시,
대한민국.경기도.김포시.남자(내),232370
대한민국.경기도.김포시.여자(내),233115
대한민국.경기도.김포시.남자(외),19011
대한민국.경기도.김포시.여자(외),7076
대한민국.경기도.기흥구,
대한민국.경기도.기흥구.남자(내),211601
대한민국.경기도.기흥구.여자(내),217157
대한민국.경기도.기흥구.남자(외),3372
대한민국.경기도.기흥구.여자(외),3578
대한민국.경기도.권선구,
대한민국.경기도.권선구.남자(내),178643
대한민국.경기도.권선구.여자(내),175363
대한민국.경기도.권선구.남자(외),7536
대한민국.경기도.권선구.여자(외),7382
대한민국.경기도.군포시,
대한민국.경기도.군포시.남자(내),129035
대한민국.경기도.군포시.여자(내),131518
대한민국.경기도.군포시.남자(외),4943
대한민국.경기도.군포시.여자(외),4947
대한민국.경기도.구리시,
대한민국.경기도.구리시.남자(내),91939
대한민국.경기도.구리시.여자(내),93845
대한민국.경기도.구리시.남자(외),947
대한민국.경기도.구리시.여자(외),1067
대한민국.경기도.광주시,
대한민국.경기도.광주시.남자(내),188941
대한민국.경기도.광주시.여자(내),182678
대한민국.경기도.광주시.남자(외),10346
대한민국.경기도.광주시.여자(외),5735
대한민국.경기도.광명시,
대한민국.경기도.광명시.남자(내),139817
대한민국.경기도.광명시.여자(내),144035
대한민국.경기도.광명시.남자(외),3126
대한민국.경기도.광명시.여자(외),3367
대한민국.경기도.과천시,
대한민국.경기도.과천시.남자(내),32286
대한민국.경기도.과천시.여자(내),33211
대한민국.경기도.과천시.남자(외),197
대한민국.경기도.과천시.여자(외),186
대한민국.경기도.고양시,
대한민국.경기도.고양시.남자(내),504082
대한민국.경기도.고양시.여자(내),527811
대한민국.경기도.고양시.남자(외),8613
대한민국.경기도.고양시.여자(외),9007
대한민국.경기도.가평군,
대한민국.경기도.가평군.남자(내),29949
대한민국.경기도.가평군.여자(내),28300
대한민국.경기도.가평군.남자(외),626
대한민국.경기도.가평군.여자(외),839
대한민국.경상남도,
대한민국.경상남도.합천군,
대한민국.경상남도.합천군.남자(내),19244
대한민국.경상남도.합천군.여자(내),20630
대한민국.경상남도.합천군.남자(외),417
대한민국.경상남도.합천군.여자(외),351
대한민국.경상남도.함양군,
대한민국.경상남도.함양군.남자(내),17442
대한민국.경상남도.함양군.여자(내),18564
대한민국.경상남도.함양군.남자(외),262
대한민국.경상남도.함양군.여자(외),273
대한민국.경상남도.함안군,
대한민국.경상남도.함안군.남자(내),30008
대한민국.경상남도.함안군.여자(내),29245
대한민국.경상남도.함안군.남자(외),3138
대한민국.경상남도.함안군.여자(외),842
대한민국.경상남도.하동군,
대한민국.경상남도.하동군.남자(내),19597
대한민국.경상남도.하동군.여자(내),19936
대한민국.경상남도.하동군.남자(외),251
대한민국.경상남도.하동군.여자(외),383
대한민국.경상남도.통영시,
대한민국.경상남도.통영시.남자(내),60346
대한민국.경상남도.통영시.여자(내),59672
대한민국.경상남도.통영시.남자(외),3879
대한민국.경상남도.통영시.여자(외),932
대한민국.경상남도.창원시,
대한민국.경상남도.창원시.남자(내),510117
대한민국.경상남도.창원시.여자(내),497045
대한민국.경상남도.창원시.남자(외),10899
대한민국.경상남도.창원시.여자(외),7641
대한민국.경상남도.창녕군,
대한민국.경상남도.창녕군.남자(내),27938
대한민국.경상남도.창녕군.여자(내),28508
대한민국.경상남도.창녕군.남자(외),2118
대한민국.경상남도.창녕군.여자(외),1100
대한민국.경상남도.진해구,
대한민국.경상남도.진해구.남자(내),96461
대한민국.경상남도.진해구.여자(내),91549
대한민국.경상남도.진해구.남자(외),2626
대한민국.경상남도.진해구.여자(외),1729
대한민국.경상남도.진주시,
대한민국.경상남도.진주시.남자(내),172422
대한민국.경상남도.진주시.여자(내),174784
대한민국.경상남도.진주시.남자(외),3475
대한민국.경상남도.진주시.여자(외),2708
대한민국.경상남도.의창구,
대한민국.경상남도.의창구.남자(내),108105
대한민국.경상남도.의창구.여자(내),104760
대한민국.경상남도.의창구.남자(외),2272
대한민국.경상남도.의창구.여자(외),1778
대한민국.경상남도.의령군,
대한민국.경상남도.의령군.남자(내),11921
대한민국.경상남도.의령군.여자(내),12460
대한민국.경상남도.의령군.남자(외),578
대한민국.경상남도.의령군.여자(외),366
대한민국.경상남도.양산시,
대한민국.경상남도.양산시.남자(내),171980
대한민국.경상남도.양산시.여자(내),172425
대한민국.경상남도.양산시.남자(외),5033
대한민국.경상남도.양산시.여자(외),3172
대한민국.경상남도.성산구,
대한민국.경상남도.성산구.남자(내),125859
대한민국.경상남도.성산구.여자(내),119232
대한민국.경상남도.성산구.남자(외),3073
대한민국.경상남도.성산구.여자(외),1745
대한민국.경상남도.산청군,
대한민국.경상남도.산청군.남자(내),15713
대한민국.경상남도.산청군.여자(내),16545
대한민국.경상남도.산청군.남자(외),322
대한민국.경상남도.산청군.여자(외),434
대한민국.경상남도.사천시,
대한민국.경상남도.사천시.남자(내),53263
대한민국.경상남도.사천시.여자(내),52328
대한민국.경상남도.사천시.남자(외),3030
대한민국.경상남도.사천시.여자(외),1025
대한민국.경상남도.밀양시,
대한민국.경상남도.밀양시.남자(내),48360
대한민국.경상남도.밀양시.여자(내),49851
대한민국.경상남도.밀양시.남자(외),1474
대한민국.경상남도.밀양시.여자(외),2152
대한민국.경상남도.마산회원구,
대한민국.경상남도.마산회원구.남자(내),91660
대한민국.경상남도.마산회원구.여자(내),92191
대한민국.경상남도.마산회원구.남자(외),1379
대한민국.경상남도.마산회원구.여자(외),1234
대한민국.경상남도.마산합포구,
대한민국.경상남도.마산합포구.남자(내),88032
대한민국.경상남도.마산합포구.여자(내),89313
대한민국.경상남도.마산합포구.남자(외),1549
대한민국.경상남도.마산합포구.여자(외),1155
대한민국.경상남도.남해군,
대한민국.경상남도.남해군.남자(내),19314
대한민국.경상남도.남해군.여자(내),20538
대한민국.경상남도.남해군.남자(외),830
대한민국.경상남도.남해군.여자(외),188
대한민국.경상남도.김해시,
대한민국.경상남도.김해시.남자(내),264078
대한민국.경상남도.김해시.여자(내),259681
대한민국.경상남도.김해시.남자(외),16418
대한민국.경상남도.김해시.여자(외),7818
대한민국.경상남도.고성군,
대한민국.경상남도.고성군.남자(내),23590
대한민국.경상남도.고성군.여자(내),23722
대한민국.경상남도.고성군.남자(외),1028
대한민국.경상남도.고성군.여자(외),463
대한민국.경상남도.거창군,
대한민국.경상남도.거창군.남자(내),28990
대한민국.경상남도.거창군.여자(내),29527
대한민국.경상남도.거창군.남자(외),341
대한민국.경상남도.거창군.여자(외),380
대한민국.경상남도.거제시,
대한민국.경상남도.거제시.남자(내),123500
대한민국.경상남도.거제시.여자(내),110811
대한민국.경상남도.거제시.남자(외),5437
대한민국.경상남도.거제시.여자(외),2678
대한민국.경상북도,
대한민국.경상북도.포항시,
대한민국.경상북도.포항시.남자(내),249846
대한민국.경상북도.포항시.여자(내),243364
대한민국.경상북도.포항시.남자(외),4636
대한민국.경상북도.포항시.여자(외),3405
대한민국.경상북도.칠곡군,
대한민국.경상북도.칠곡군.남자(내),56770
대한민국.경상북도.칠곡군.여자(내),53232
대한민국.경상북도.칠곡군.남자(외),2935
대한민국.경상북도.칠곡군.여자(외),1627
대한민국.경상북도.청송군,
대한민국.경상북도.청송군.남자(내),11491
대한민국.경상북도.청송군.여자(내),11514
대한민국.경상북도.청송군.남자(외),86
대한민국.경상북도.청송군.여자(외),197
대한민국.경상북도.청도군,
대한민국.경상북도.청도군.남자(내),18779
대한민국.경상북도.청도군.여자(내),19925
대한민국.경상북도.청도군.남자(외),597
대한민국.경상북도.청도군.여자(외),770
대한민국.경상북도.의성군,
대한민국.경상북도.의성군.남자(내),22922
대한민국.경상북도.의성군.여자(내),24369
대한민국.경상북도.의성군.남자(외),377
대한민국.경상북도.의성군.여자(외),353
대한민국.경상북도.울진군,
대한민국.경상북도.울진군.남자(내),22482
대한민국.경상북도.울진군.여자(내),22058
대한민국.경상북도.울진군.남자(외),1559
대한민국.경상북도.울진군.여자(외),270
대한민국.경상북도.울릉군,
대한민국.경상북도.울릉군.남자(내),4333
대한민국.경상북도.울릉군.여자(내),3607
대한민국.경상북도.울릉군.남자(외),180
대한민국.경상북도.울릉군.여자(외),49
대한민국.경상북도.예천군,
대한민국.경상북도.예천군.남자(내),26211
대한민국.경상북도.예천군.여자(내),27335
대한민국.경상북도.예천군.남자(외),282
대한민국.경상북도.예천군.여자(외),439
대한민국.경상북도.영천시,
대한민국.경상북도.영천시.남자(내),48443
대한민국.경상북도.영천시.여자(내),47597
대한민국.경상북도.영천시.남자(외),2606
대한민국.경상북도.영천시.여자(외),1213
대한민국.경상북도.영주시,
대한민국.경상북도.영주시.남자(내),50309
대한민국.경상북도.영주시.여자(내),50893
대한민국.경상북도.영주시.남자(외),522
대한민국.경상북도.영주시.여자(외),690
대한민국.경상북도.영양군,
대한민국.경상북도.영양군.남자(내),7573
대한민국.경상북도.영양군.여자(내),7630
대한민국.경상북도.영양군.남자(외),109
대한민국.경상북도.영양군.여자(외),246
대한민국.경상북도.영덕군,
대한민국.경상북도.영덕군.남자(내),15469
대한민국.경상북도.영덕군.여자(내),17202
대한민국.경상북도.영덕군.남자(외),959
대한민국.경상북도.영덕군.여자(외),297
대한민국.경상북도.안동시,
대한민국.경상북도.안동시.남자(내),77240
대한민국.경상북도.안동시.여자(내),78961
대한민국.경상북도.안동시.남자(외),800
대한민국.경상북도.안동시.여자(외),1063
대한민국.경상북도.성주군,
대한민국.경상북도.성주군.남자(내),19729
대한민국.경상북도.성주군.여자(내),19101
대한민국.경상북도.성주군.남자(외),1465
대한민국.경상북도.성주군.여자(외),509
대한민국.경상북도.상주시,
대한민국.경상북도.상주시.남자(내),45672
대한민국.경상북도.상주시.여자(내),46710
대한민국.경상북도.상주시.남자(외),557
대한민국.경상북도.상주시.여자(외),783
대한민국.경상북도.북구,
대한민국.경상북도.북구.남자(내),133090
대한민국.경상북도.북구.여자(내),135419
대한민국.경상북도.북구.남자(외),1993
대한민국.경상북도.북구.여자(외),1880
대한민국.경상북도.봉화군,
대한민국.경상북도.봉화군.남자(내),14327
대한민국.경상북도.봉화군.여자(내),14374
대한민국.경상북도.봉화군.남자(외),152
대한민국.경상북도.봉화군.여자(외),315
대한민국.경상북도.문경시,
대한민국.경상북도.문경시.남자(내),32743
대한민국.경상북도.문경시.여자(내),33990
대한민국.경상북도.문경시.남자(외),432
대한민국.경상북도.문경시.여자(외),504
대한민국.경상북도.남구,
대한민국.경상북도.남구.남자(내),116756
대한민국.경상북도.남구.여자(내),107945
대한민국.경상북도.남구.남자(외),2643
대한민국.경상북도.남구.여자(외),1525
대한민국.경상북도.김천시,
대한민국.경상북도.김천시.남자(내),67328
대한민국.경상북도.김천시.여자(내),67434
대한민국.경상북도.김천시.남자(외),1830
대한민국.경상북도.김천시.여자(외),1370
대한민국.경상북도.군위군,
대한민국.경상북도.군위군.남자(내),10493
대한민국.경상북도.군위군.여자(내),10197
대한민국.경상북도.군위군.남자(외),436
대한민국.경상북도.군위군.여자(외),159
대한민국.경상북도.구미시,
대한민국.경상북도.구미시.남자(내),210519
대한민국.경상북도.구미시.여자(내),197346
대한민국.경상북도.구미시.남자(외),3217
대한민국.경상북도.구미시.여자(외),2881
대한민국.경상북도.고령군,
대한민국.경상북도.고령군.남자(내),14368
대한민국.경상북도.고령군.여자(내),14056
대한민국.경상북도.고령군.남자(외),1531
대한민국.경상북도.고령군.여자(외),444
대한민국.경상북도.경주시,
대한민국.경상북도.경주시.남자(내),122727
대한민국.경상북도.경주시.여자(내),122533
대한민국.경상북도.경주시.남자(외),9611
대한민국.경상북도.경주시.여자(외),6231
대한민국.경상북도.경산시,
대한민국.경상북도.경산시.남자(내),139624
대한민국.경상북도.경산시.여자(내),139690
대한민국.경상북도.경산시.남자(외),8099
대한민국.경상북도.경산시.여자(외),6005
대한민국.광주광역시,
대한민국.광주광역시.서구,
대한민국.광주광역시.서구.남자(내),142091
대한민국.광주광역시.서구.여자(내),146225
대한민국.광주광역시.서구.남자(외),980
대한민국.광주광역시.서구.여자(외),1269
대한민국.광주광역시.북구,
대한민국.광주광역시.북구.남자(내),214526
대한민국.광주광역시.북구.여자(내),216547
대한민국.광주광역시.북구.남자(외),2701
대한민국.광주광역시.북구.여자(외),3223
대한민국.광주광역시.동구,
대한민국.광주광역시.동구.남자(내),52792
대한민국.광주광역시.동구.여자(내),53716
대한민국.광주광역시.동구.남자(외),1109
대한민국.광주광역시.동구.여자(외),1059
대한민국.광주광역시.남구,
대한민국.광주광역시.남구.남자(내),103150
대한민국.광주광역시.남구.여자(내),111169
대한민국.광주광역시.남구.남자(외),762
대한민국.광주광역시.남구.여자(외),1185
대한민국.광주광역시.광산구,
대한민국.광주광역시.광산구.남자(내),203489
대한민국.광주광역시.광산구.여자(내),201060
대한민국.광주광역시.광산구.남자(외),10488
대한민국.광주광역시.광산구.여자(외),7721
대한민국.대구광역시,
대한민국.대구광역시.중구,
대한민국.대구광역시.중구.남자(내),34526
대한민국.대구광역시.중구.여자(내),37586
대한민국.대구광역시.중구.남자(외),309
대한민국.대구광역시.중구.여자(외),413
대한민국.대구광역시.수성구,
대한민국.대구광역시.수성구.남자(내),196873
대한민국.대구광역시.수성구.여자(내),209065
대한민국.대구광역시.수성구.남자(외),843
대한민국.대구광역시.수성구.여자(외),1304
대한민국.대구광역시.서구,
대한민국.대구광역시.서구.남자(내),80882
대한민국.대구광역시.서구.여자(내),81630
대한민국.대구광역시.서구.남자(외),1502
대한민국.대구광역시.서구.여자(외),1441
대한민국.대구광역시.북구,
대한민국.대구광역시.북구.남자(내),218301
대한민국.대구광역시.북구.여자(내),219881
대한민국.대구광역시.북구.남자(외),2920
대한민국.대구광역시.북구.여자(외),3344
대한민국.대구광역시.동구,
대한민국.대구광역시.동구.남자(내),162181
대한민국.대구광역시.동구.여자(내),168227
대한민국.대구광역시.동구.남자(외),710
대한민국.대구광역시.동구.여자(외),1519
대한민국.대구광역시.달성군,
대한민국.대구광역시.달성군.남자(내),130033
대한민국.대구광역시.달성군.여자(내),127082
대한민국.대구광역시.달성군.남자(외),4776
대한민국.대구광역시.달성군.여자(외),2963
대한민국.대구광역시.달서구,
대한민국.대구광역시.달서구.남자(내),267202
대한민국.대구광역시.달서구.여자(내),274528
대한민국.대구광역시.달서구.남자(외),7222
대한민국.대구광역시.달서구.여자(외),5750
대한민국.대구광역시.남구,
대한민국.대구광역시.남구.남자(내),68352
대한민국.대구광역시.남구.여자(내),74606
대한민국.대구광역시.남구.남자(외),788
대한민국.대구광역시.남구.여자(외),1152
대한민국.대전광역시,
대한민국.대전광역시.중구,
대한민국.대전광역시.중구.남자(내),110766
대한민국.대전광역시.중구.여자(내),114573
대한민국.대전광역시.중구.남자(외),693
대한민국.대전광역시.중구.여자(외),1294
대한민국.대전광역시.유성구,
대한민국.대전광역시.유성구.남자(내),184564
대한민국.대전광역시.유성구.여자(내),174488
대한민국.대전광역시.유성구.남자(외),4085
대한민국.대전광역시.유성구.여자(외),4151
대한민국.대전광역시.서구,
대한민국.대전광역시.서구.남자(내),231859
대한민국.대전광역시.서구.여자(내),239311
대한민국.대전광역시.서구.남자(외),1749
대한민국.대전광역시.서구.여자(외),2752
대한민국.대전광역시.동구,
대한민국.대전광역시.동구.남자(내),115008
대한민국.대전광역시.동구.여자(내),113140
대한민국.대전광역시.동구.남자(외),2538
대한민국.대전광역시.동구.여자(외),3035
대한민국.대전광역시.대덕구,
대한민국.대전광역시.대덕구.남자(내),87810
대한민국.대전광역시.대덕구.여자(내),84958
대한민국.대전광역시.대덕구.남자(외),1409
대한민국.대전광역시.대덕구.여자(외),1557
대한민국.부산광역시,
대한민국.부산광역시.해운대구,
대한민국.부산광역시.해운대구.남자(내),183670
대한민국.부산광역시.해운대구.여자(내),197681
대한민국.부산광역시.해운대구.남자(외),2233
대한민국.부산광역시.해운대구.여자(외),2480
대한민국.부산광역시.중구,
대한민국.부산광역시.중구.남자(내),19016
대한민국.부산광역시.중구.여자(내),20273
대한민국.부산광역시.중구.남자(외),1477
대한민국.부산광역시.중구.여자(외),773
대한민국.부산광역시.영도구,
대한민국.부산광역시.영도구.남자(내),55204
대한민국.부산광역시.영도구.여자(내),55568
대한민국.부산광역시.영도구.남자(외),1262
대한민국.부산광역시.영도구.여자(외),800
대한민국.부산광역시.연제구,
대한민국.부산광역시.연제구.남자(내),95932
대한민국.부산광역시.연제구.여자(내),104301
대한민국.부산광역시.연제구.남자(외),358
대한민국.부산광역시.연제구.여자(외),626
대한민국.부산광역시.수영구,
대한민국.부산광역시.수영구.남자(내),79531
대한민국.부산광역시.수영구.여자(내),89488
대한민국.부산광역시.수영구.남자(외),752
대한민국.부산광역시.수영구.여자(외),949
대한민국.부산광역시.서구,
대한민국.부산광역시.서구.남자(내),48966
대한민국.부산광역시.서구.여자(내),52862
대한민국.부산광역시.서구.남자(외),1418
대한민국.부산광역시.서구.여자(외),884
대한민국.부산광역시.사하구,
대한민국.부산광역시.사하구.남자(내),148945
대한민국.부산광역시.사하구.여자(내),151835
대한민국.부산광역시.사하구.남자(외),2971
대한민국.부산광역시.사하구.여자(외),2039
대한민국.부산광역시.사상구,
대한민국.부산광역시.사상구.남자(내),103251
대한민국.부산광역시.사상구.여자(내),102951
대한민국.부산광역시.사상구.남자(외),2971
대한민국.부산광역시.사상구.여자(외),2615
대한민국.부산광역시.북구,
대한민국.부산광역시.북구.남자(내),136652
대한민국.부산광역시.북구.여자(내),140431
대한민국.부산광역시.북구.남자(외),1178
대한민국.부산광역시.북구.여자(외),1554
대한민국.부산광역시.부산진구,
대한민국.부산광역시.부산진구.남자(내),166720
대한민국.부산광역시.부산진구.여자(내),181439
대한민국.부산광역시.부산진구.남자(외),1149
대한민국.부산광역시.부산진구.여자(외),1893
대한민국.부산광역시.동래구,
대한민국.부산광역시.동래구.남자(내),125423
대한민국.부산광역시.동래구.여자(내),133143
대한민국.부산광역시.동래구.남자(외),431
대한민국.부산광역시.동래구.여자(외),841
대한민국.부산광역시.동구,
대한민국.부산광역시.동구.남자(내),40836
대한민국.부산광역시.동구.여자(내),43029
대한민국.부산광역시.동구.남자(외),1022
대한민국.부산광역시.동구.여자(외),1148
대한민국.부산광역시.남구,
대한민국.부산광역시.남구.남자(내),126145
대한민국.부산광역시.남구.여자(내),132011
대한민국.부산광역시.남구.남자(외),3267
대한민국.부산광역시.남구.여자(외),3333
대한민국.부산광역시.기장군,
대한민국.부산광역시.기장군.남자(내),83865
대한민국.부산광역시.기장군.여자(내),86565
대한민국.부산광역시.기장군.남자(외),1595
대한민국.부산광역시.기장군.여자(외),877
대한민국.부산광역시.금정구,
대한민국.부산광역시.금정구.남자(내),111654
대한민국.부산광역시.금정구.여자(내),117134
대한민국.부산광역시.금정구.남자(외),1922
대한민국.부산광역시.금정구.여자(외),2886
대한민국.부산광역시.강서구,
대한민국.부산광역시.강서구.남자(내),70277
대한민국.부산광역시.강서구.여자(내),66203
대한민국.부산광역시.강서구.남자(외),4652
대한민국.부산광역시.강서구.여자(외),978
대한민국.서울특별시,
대한민국.서울특별시.중랑구,
대한민국.서울특별시.중랑구.남자(내),183625
대한민국.서울특별시.중랑구.여자(내),189818
대한민국.서울특별시.중랑구.남자(외),2739
대한민국.서울특별시.중랑구.여자(외),4125
대한민국.서울특별시.중구,
대한민국.서울특별시.중구.남자(내),55338
대한민국.서울특별시.중구.여자(내),59604
대한민국.서울특별시.중구.남자(외),5319
대한민국.서울특별시.중구.여자(외),6049
대한민국.서울특별시.종로구,
대한민국.서울특별시.종로구.남자(내),66679
대한민국.서울특별시.종로구.여자(내),71234
대한민국.서울특별시.종로구.남자(외),4688
대한민국.서울특별시.종로구.여자(외),6256
대한민국.서울특별시.은평구,
대한민국.서울특별시.은평구.남자(내),215799
대한민국.서울특별시.은평구.여자(내),235862
대한민국.서울특별시.은평구.남자(외),2356
대한민국.서울특별시.은평구.여자(외),3368
대한민국.서울특별시.용산구,
대한민국.서울특별시.용산구.남자(내),98233
대한민국.서울특별시.용산구.여자(내),107055
대한민국.서울특별시.용산구.남자(외),8677
대한민국.서울특별시.용산구.여자(외),7723
대한민국.서울특별시.영등포구,
대한민국.서울특별시.영등포구.남자(내),176870
대한민국.서울특별시.영등포구.여자(내),182772
대한민국.서울특별시.영등포구.남자(외),23157
대한민국.서울특별시.영등포구.여자(외),20185
대한민국.서울특별시.양천구,
대한민국.서울특별시.양천구.남자(내),209715
대한민국.서울특별시.양천구.여자(내),218367
대한민국.서울특별시.양천구.남자(외),2255
대한민국.서울특별시.양천구.여자(외),3036
대한민국.서울특별시.송파구,
대한민국.서울특별시.송파구.남자(내),300957
대한민국.서울특별시.송파구.여자(내),324020
대한민국.서울특별시.송파구.남자(외),4492
대한민국.서울특별시.송파구.여자(외),5251
대한민국.서울특별시.성북구,
대한민국.서울특별시.성북구.남자(내),202349
대한민국.서울특별시.성북구.여자(내),220079
대한민국.서울특별시.성북구.남자(외),5079
대한민국.서울특별시.성북구.여자(외),8002
대한민국.서울특별시.성동구,
대한민국.서울특별시.성동구.남자(내),134666
대한민국.서울특별시.성동구.여자(내),141607
대한민국.서울특별시.성동구.남자(외),4515
대한민국.서울특별시.성동구.여자(외),5681
대한민국.서울특별시.서초구,
대한민국.서울특별시.서초구.남자(내),183941
대한민국.서울특별시.서초구.여자(내),201209
대한민국.서울특별시.서초구.남자(외),3494
대한민국.서울특별시.서초구.여자(외),3658
대한민국.서울특별시.서대문구,
대한민국.서울특별시.서대문구.남자(내),141184
대한민국.서울특별시.서대문구.여자(내),158728
대한민국.서울특별시.서대문구.남자(외),5374
대한민국.서울특별시.서대문구.여자(외),9261
대한민국.서울특별시.마포구,
대한민국.서울특별시.마포구.남자(내),165874
대한민국.서울특별시.마포구.여자(내),186958
대한민국.서울특별시.마포구.남자(외),4993
대한민국.서울특별시.마포구.여자(외),7367
대한민국.서울특별시.동작구,
대한민국.서울특별시.동작구.남자(내),180871
대한민국.서울특별시.동작구.여자(내),192800
대한민국.서울특별시.동작구.남자(외),6440
대한민국.서울특별시.동작구.여자(외),7983
대한민국.서울특별시.동대문구,
대한민국.서울특별시.동대문구.남자(내),161761
대한민국.서울특별시.동대문구.여자(내),167331
대한민국.서울특별시.동대문구.남자(외),7648
대한민국.서울특별시.동대문구.여자(외),11461
대한민국.서울특별시.도봉구,
대한민국.서울특별시.도봉구.남자(내),148314
대한민국.서울특별시.도봉구.여자(내),157854
대한민국.서울특별시.도봉구.남자(외),1099
대한민국.서울특별시.도봉구.여자(외),1933
대한민국.서울특별시.노원구,
대한민국.서울특별시.노원구.남자(내),239746
대한민국.서울특별시.노원구.여자(내),258511
대한민국.서울특별시.노원구.남자(외),2425
대한민국.서울특별시.노원구.여자(외),3247
대한민국.서울특별시.금천구,
대한민국.서울특별시.금천구.남자(내),111914
대한민국.서울특별시.금천구.여자(내),110277
대한민국.서울특별시.금천구.남자(외),13554
대한민국.서울특별시.금천구.여자(외),11653
대한민국.서울특별시.구로구,
대한민국.서울특별시.구로구.남자(내),188733
대한민국.서울특별시.구로구.여자(내),194601
대한민국.서울특별시.구로구.남자(외),23542
대한민국.서울특별시.구로구.여자(외),19344
대한민국.서울특별시.광진구,
대한민국.서울특별시.광진구.남자(내),158337
대한민국.서울특별시.광진구.여자(내),170058
대한민국.서울특별시.광진구.남자(외),8132
대한민국.서울특별시.광진구.여자(외),10572
대한민국.서울특별시.관악구,
대한민국.서울특별시.관악구.남자(내),237734
대한민국.서울특별시.관악구.여자(내),235529
대한민국.서울특별시.관악구.남자(외),10080
대한민국.서울특별시.관악구.여자(외),12434
대한민국.서울특별시.강서구,
대한민국.서울특별시.강서구.남자(내),264921
대한민국.서울특별시.강서구.여자(내),286549
대한민국.서울특별시.강서구.남자(외),3609
대한민국.서울특별시.강서구.여자(외),4758
대한민국.서울특별시.강북구,
대한민국.서울특별시.강북구.남자(내),139416
대한민국.서울특별시.강북구.여자(내),148277
대한민국.서울특별시.강북구.남자(외),1849
대한민국.서울특별시.강북구.여자(외),3069
대한민국.서울특별시.강동구,
대한민국.서울특별시.강동구.남자(내),218091
대한민국.서울특별시.강동구.여자(내),226708
대한민국.서울특별시.강동구.남자(외),2825
대한민국.서울특별시.강동구.여자(외),3475
대한민국.서울특별시.강남구,
대한민국.서울특별시.강남구.남자(내),236619
대한민국.서울특별시.강남구.여자(내),257552
대한민국.서울특별시.강남구.남자(외),4223
대한민국.서울특별시.강남구.여자(외),4625
대한민국.세종특별자치시,
대한민국.세종특별자치시.세종시,
대한민국.세종특별자치시.세종시.남자(내),179460
대한민국.세종특별자치시.세종시.여자(내),179776
대한민국.세종특별자치시.세종시.남자(외),4156
대한민국.세종특별자치시.세종시.여자(외),2835
대한민국.울산광역시,
대한민국.울산광역시.중구,
대한민국.울산광역시.중구.남자(내),104710
대한민국.울산광역시.중구.여자(내),102165
대한민국.울산광역시.중구.남자(외),1086
대한민국.울산광역시.중구.여자(외),1594
대한민국.울산광역시.울주군,
대한민국.울산광역시.울주군.남자(내),111176
대한민국.울산광역시.울주군.여자(내),103769
대한민국.울산광역시.울주군.남자(외),6103
대한민국.울산광역시.울주군.여자(외),3116
대한민국.울산광역시.북구,
대한민국.울산광역시.북구.남자(내),110501
대한민국.울산광역시.북구.여자(내),102576
대한민국.울산광역시.북구.남자(외),1722
대한민국.울산광역시.북구.여자(외),1350
대한민국.울산광역시.동구,
대한민국.울산광역시.동구.남자(내),79274
대한민국.울산광역시.동구.여자(내),72133
대한민국.울산광역시.동구.남자(외),2642
대한민국.울산광역시.동구.여자(외),1529
대한민국.울산광역시.남구,
대한민국.울산광역시.남구.남자(내),157767
대한민국.울산광역시.남구.여자(내),151294
대한민국.울산광역시.남구.남자(외),3226
대한민국.울산광역시.남구.여자(외),3020
대한민국.인천광역시,
대한민국.인천광역시.중구,
대한민국.인천광역시.중구.남자(내),70465
대한민국.인천광역시.중구.여자(내),66142
대한민국.인천광역시.중구.남자(외),2630
대한민국.인천광역시.중구.여자(외),2521
대한민국.인천광역시.옹진군,
대한민국.인천광역시.옹진군.남자(내),10721
대한민국.인천광역시.옹진군.여자(내),7982
대한민국.인천광역시.옹진군.남자(외),191
대한민국.인천광역시.옹진군.여자(외),90
대한민국.인천광역시.연수구,
대한민국.인천광역시.연수구.남자(내),188497
대한민국.인천광역시.연수구.여자(내),191200
대한민국.인천광역시.연수구.남자(외),10282
대한민국.인천광역시.연수구.여자(외),9615
대한민국.인천광역시.서구,
대한민국.인천광역시.서구.남자(내),269444
대한민국.인천광역시.서구.여자(내),265204
대한민국.인천광역시.서구.남자(외),10465
대한민국.인천광역시.서구.여자(외),5913
대한민국.인천광역시.부평구,
대한민국.인천광역시.부평구.남자(내),233036
대한민국.인천광역시.부평구.여자(내),239253
대한민국.인천광역시.부평구.남자(외),11174
대한민국.인천광역시.부평구.여자(외),11178
대한민국.인천광역시.미추홀구,
대한민국.인천광역시.미추홀구.남자(내),201127
대한민국.인천광역시.미추홀구.여자(내),197870
대한민국.인천광역시.미추홀구.남자(외),6397
대한민국.인천광역시.미추홀구.여자(외),6628
대한민국.인천광역시.동구,
대한민국.인천광역시.동구.남자(내),30009
대한민국.인천광역시.동구.여자(내),29854
대한민국.인천광역시.동구.남자(외),631
대한민국.인천광역시.동구.여자(외),559
대한민국.인천광역시.남동구,
대한민국.인천광역시.남동구.남자(내),250105
대한민국.인천광역시.남동구.여자(내),254665
대한민국.인천광역시.남동구.남자(외),10157
대한민국.인천광역시.남동구.여자(외),6238
대한민국.인천광역시.계양구,
대한민국.인천광역시.계양구.남자(내),141989
대한민국.인천광역시.계양구.여자(내),144343
대한민국.인천광역시.계양구.남자(외),1955
대한민국.인천광역시.계양구.여자(외),2680
대한민국.인천광역시.강화군,
대한민국.인천광역시.강화군.남자(내),32279
대한민국.인천광역시.강화군.여자(내),32480
대한민국.인천광역시.강화군.남자(외),648
대한민국.인천광역시.강화군.여자(외),427
대한민국.전라남도,
대한민국.전라남도.화순군,
대한민국.전라남도.화순군.남자(내),28606
대한민국.전라남도.화순군.여자(내),30418
대한민국.전라남도.화순군.남자(외),482
대한민국.전라남도.화순군.여자(외),630
대한민국.전라남도.해남군,
대한민국.전라남도.해남군.남자(내),30376
대한민국.전라남도.해남군.여자(내),31064
대한민국.전라남도.해남군.남자(외),1061
대한민국.전라남도.해남군.여자(외),741
대한민국.전라남도.함평군,
대한민국.전라남도.함평군.남자(내),14201
대한민국.전라남도.함평군.여자(내),14306
대한민국.전라남도.함평군.남자(외),459
대한민국.전라남도.함평군.여자(외),403
대한민국.전라남도.진도군,
대한민국.전라남도.진도군.남자(내),13543
대한민국.전라남도.진도군.여자(내),13708
대한민국.전라남도.진도군.남자(외),1427
대한민국.전라남도.진도군.여자(외),335
대한민국.전라남도.장흥군,
대한민국.전라남도.장흥군.남자(내),16367
대한민국.전라남도.장흥군.여자(내),17188
대한민국.전라남도.장흥군.남자(외),317
대한민국.전라남도.장흥군.여자(외),396
대한민국.전라남도.장성군,
대한민국.전라남도.장성군.남자(내),19691
대한민국.전라남도.장성군.여자(내),19616
대한민국.전라남도.장성군.남자(외),755
대한민국.전라남도.장성군.여자(외),542
대한민국.전라남도.완도군,
대한민국.전라남도.완도군.남자(내),22463
대한민국.전라남도.완도군.여자(내),21986
대한민국.전라남도.완도군.남자(외),2261
대한민국.전라남도.완도군.여자(외),500
대한민국.전라남도.영암군,
대한민국.전라남도.영암군.남자(내),26064
대한민국.전라남도.영암군.여자(내),24198
대한민국.전라남도.영암군.남자(외),4148
대한민국.전라남도.영암군.여자(외),1588
대한민국.전라남도.영광군,
대한민국.전라남도.영광군.남자(내),23735
대한민국.전라남도.영광군.여자(내),24016
대한민국.전라남도.영광군.남자(외),705
대한민국.전라남도.영광군.여자(외),525
대한민국.전라남도.여수시,
대한민국.전라남도.여수시.남자(내),134168
대한민국.전라남도.여수시.여자(내),128253
대한민국.전라남도.여수시.남자(외),4330
대한민국.전라남도.여수시.여자(외),1936
대한민국.전라남도.신안군,
대한민국.전라남도.신안군.남자(내),17433
대한민국.전라남도.신안군.여자(내),15586
대한민국.전라남도.신안군.남자(외),666
대한민국.전라남도.신안군.여자(외),315
대한민국.전라남도.순천시,
대한민국.전라남도.순천시.남자(내),135112
대한민국.전라남도.순천시.여자(내),135867
대한민국.전라남도.순천시.남자(외),1283
대한민국.전라남도.순천시.여자(외),1565
대한민국.전라남도.보성군,
대한민국.전라남도.보성군.남자(내),17573
대한민국.전라남도.보성군.여자(내),18829
대한민국.전라남도.보성군.남자(외),225
대한민국.전라남도.보성군.여자(외),354
대한민국.전라남도.무안군,
대한민국.전라남도.무안군.남자(내),44209
대한민국.전라남도.무안군.여자(내),43737
대한민국.전라남도.무안군.남자(외),1200
대한민국.전라남도.무안군.여자(외),948
대한민국.전라남도.목포시,
대한민국.전라남도.목포시.남자(내),108409
대한민국.전라남도.목포시.여자(내),108552
대한민국.전라남도.목포시.남자(외),2422
대한민국.전라남도.목포시.여자(외),1795
대한민국.전라남도.담양군,
대한민국.전라남도.담양군.남자(내),21230
대한민국.전라남도.담양군.여자(내),21546
대한민국.전라남도.담양군.남자(외),600
대한민국.전라남도.담양군.여자(외),658
대한민국.전라남도.나주시,
대한민국.전라남도.나주시.남자(내),55517
대한민국.전라남도.나주시.여자(내),55990
대한민국.전라남도.나주시.남자(외),1965
대한민국.전라남도.나주시.여자(외),1666
대한민국.전라남도.구례군,
대한민국.전라남도.구례군.남자(내),11235
대한민국.전라남도.구례군.여자(내),12032
대한민국.전라남도.구례군.남자(외),90
대한민국.전라남도.구례군.여자(외),186
대한민국.전라남도.광양시,
대한민국.전라남도.광양시.남자(내),74406
대한민국.전라남도.광양시.여자(내),67630
대한민국.전라남도.광양시.남자(외),944
대한민국.전라남도.광양시.여자(외),1246
대한민국.전라남도.곡성군,
대한민국.전라남도.곡성군.남자(내),12864
대한민국.전라남도.곡성군.여자(내),13328
대한민국.전라남도.곡성군.남자(외),313
대한민국.전라남도.곡성군.여자(외),276
대한민국.전라남도.고흥군,
대한민국.전라남도.고흥군.남자(내),27959
대한민국.전라남도.고흥군.여자(내),29606
대한민국.전라남도.고흥군.남자(외),799
대한민국.전라남도.고흥군.여자(외),509
대한민국.전라남도.강진군,
대한민국.전라남도.강진군.남자(내),15239
대한민국.전라남도.강진군.여자(내),16109
대한민국.전라남도.강진군.남자(외),268
대한민국.전라남도.강진군.여자(외),325
대한민국.전라북도,
대한민국.전라북도.진안군,
대한민국.전라북도.진안군.남자(내),11183
대한민국.전라북도.진안군.여자(내),11130
대한민국.전라북도.진안군.남자(외),168
대한민국.전라북도.진안군.여자(외),279
대한민국.전라북도.정읍시,
대한민국.전라북도.정읍시.남자(내),49939
대한민국.전라북도.정읍시.여자(내),51049
대한민국.전라북도.정읍시.남자(외),2045
대한민국.전라북도.정읍시.여자(외),1430
대한민국.전라북도.전주시,
대한민국.전라북도.전주시.남자(내),325887
대한민국.전라북도.전주시.여자(내),333015
대한민국.전라북도.전주시.남자(외),5364
대한민국.전라북도.전주시.여자(외),6145
대한민국.전라북도.장수군,
대한민국.전라북도.장수군.남자(내),9894
대한민국.전라북도.장수군.여자(내),9982
대한민국.전라북도.장수군.남자(외),177
대한민국.전라북도.장수군.여자(외),282
대한민국.전라북도.임실군,
대한민국.전라북도.임실군.남자(내),12433
대한민국.전라북도.임실군.여자(내),12172
대한민국.전라북도.임실군.남자(외),142
대한민국.전라북도.임실군.여자(외),250
대한민국.전라북도.익산시,
대한민국.전라북도.익산시.남자(내),137098
대한민국.전라북도.익산시.여자(내),136847
대한민국.전라북도.익산시.남자(외),3068
대한민국.전라북도.익산시.여자(외),3137
대한민국.전라북도.완주군,
대한민국.전라북도.완주군.남자(내),46451
대한민국.전라북도.완주군.여자(내),44441
대한민국.전라북도.완주군.남자(외),2400
대한민국.전라북도.완주군.여자(외),1737
대한민국.전라북도.완산구,
대한민국.전라북도.완산구.남자(내),164807
대한민국.전라북도.완산구.여자(내),172090
대한민국.전라북도.완산구.남자(외),2586
대한민국.전라북도.완산구.여자(외),2911
대한민국.전라북도.순창군,
대한민국.전라북도.순창군.남자(내),12174
대한민국.전라북도.순창군.여자(내),12859
대한민국.전라북도.순창군.남자(외),159
대한민국.전라북도.순창군.여자(외),291
대한민국.전라북도.부안군,
대한민국.전라북도.부안군.남자(내),23161
대한민국.전라북도.부안군.여자(내),23520
대한민국.전라북도.부안군.남자(외),591
대한민국.전라북도.부안군.여자(외),484
대한민국.전라북도.무주군,
대한민국.전라북도.무주군.남자(내),10933
대한민국.전라북도.무주군.여자(내),11094
대한민국.전라북도.무주군.남자(외),78
대한민국.전라북도.무주군.여자(외),200
대한민국.전라북도.덕진구,
대한민국.전라북도.덕진구.남자(내),161080
대한민국.전라북도.덕진구.여자(내),160925
대한민국.전라북도.덕진구.남자(외),2778
대한민국.전라북도.덕진구.여자(외),3234
대한민국.전라북도.남원시,
대한민국.전라북도.남원시.남자(내),36888
대한민국.전라북도.남원시.여자(내),38385
대한민국.전라북도.남원시.남자(외),508
대한민국.전라북도.남원시.여자(외),770
대한민국.전라북도.김제시,
대한민국.전라북도.김제시.남자(내),37127
대한민국.전라북도.김제시.여자(내),38489
대한민국.전라북도.김제시.남자(외),1594
대한민국.전라북도.김제시.여자(외),788
대한민국.전라북도.군산시,
대한민국.전라북도.군산시.남자(내),131613
대한민국.전라북도.군산시.여자(내),128248
대한민국.전라북도.군산시.남자(외),4800
대한민국.전라북도.군산시.여자(외),2974
대한민국.전라북도.고창군,
대한민국.전라북도.고창군.남자(내),24833
대한민국.전라북도.고창군.여자(내),25161
대한민국.전라북도.고창군.남자(외),587
대한민국.전라북도.고창군.여자(외),599
대한민국.제주특별자치도,
대한민국.제주특별자치도.제주시,
대한민국.제주특별자치도.제주시.남자(내),238636
대한민국.제주특별자치도.제주시.여자(내),238334
대한민국.제주특별자치도.제주시.남자(외),9308
대한민국.제주특별자치도.제주시.여자(외),7591
대한민국.제주특별자치도.서귀포시,
대한민국.제주특별자치도.서귀포시.남자(내),85885
대한민국.제주특별자치도.서귀포시.여자(내),85042
대한민국.제주특별자치도.서귀포시.남자(외),4980
대한민국.제주특별자치도.서귀포시.여자(외),3331
대한민국.충청남도,
대한민국.충청남도.홍성군,
대한민국.충청남도.홍성군.남자(내),48803
대한민국.충청남도.홍성군.여자(내),49463
대한민국.충청남도.홍성군.남자(외),2152
대한민국.충청남도.홍성군.여자(외),1200
대한민국.충청남도.태안군,
대한민국.충청남도.태안군.남자(내),29681
대한민국.충청남도.태안군.여자(내),28642
대한민국.충청남도.태안군.남자(외),1361
대한민국.충청남도.태안군.여자(외),601
대한민국.충청남도.청양군,
대한민국.충청남도.청양군.남자(내),14886
대한민국.충청남도.청양군.여자(내),14335
대한민국.충청남도.청양군.남자(외),436
대한민국.충청남도.청양군.여자(외),446
대한민국.충청남도.천안시,
대한민국.충청남도.천안시.남자(내),333702
대한민국.충청남도.천안시.여자(내),321708
대한민국.충청남도.천안시.남자(외),16038
대한민국.충청남도.천안시.여자(외),12440
대한민국.충청남도.예산군,
대한민국.충청남도.예산군.남자(내),36855
대한민국.충청남도.예산군.여자(내),36593
대한민국.충청남도.예산군.남자(외),1998
대한민국.충청남도.예산군.여자(외),1044
대한민국.충청남도.아산시,
대한민국.충청남도.아산시.남자(내),166242
대한민국.충청남도.아산시.여자(내),154142
대한민국.충청남도.아산시.남자(외),16697
대한민국.충청남도.아산시.여자(외),11646
대한민국.충청남도.서천군,
대한민국.충청남도.서천군.남자(내),23650
대한민국.충청남도.서천군.여자(내),24608
대한민국.충청남도.서천군.남자(외),1286
대한민국.충청남도.서천군.여자(외),468
대한민국.충청남도.서산시,
대한민국.충청남도.서산시.남자(내),89453
대한민국.충청남도.서산시.여자(내),82020
대한민국.충청남도.서산시.남자(외),3288
대한민국.충청남도.서산시.여자(외),2736
대한민국.충청남도.서북구,
대한민국.충청남도.서북구.남자(내),203692
대한민국.충청남도.서북구.여자(내),193295
대한민국.충청남도.서북구.남자(외),8931
대한민국.충청남도.서북구.여자(외),7134
대한민국.충청남도.부여군,
대한민국.충청남도.부여군.남자(내),30065
대한민국.충청남도.부여군.여자(내),30723
대한민국.충청남도.부여군.남자(외),817
대한민국.충청남도.부여군.여자(외),810
대한민국.충청남도.보령시,
대한민국.충청남도.보령시.남자(내),47415
대한민국.충청남도.보령시.여자(내),45998
대한민국.충청남도.보령시.남자(외),2949
대한민국.충청남도.보령시.여자(외),1028
대한민국.충청남도.동남구,
대한민국.충청남도.동남구.남자(내),130010
대한민국.충청남도.동남구.여자(내),128413
대한민국.충청남도.동남구.남자(외),7107
대한민국.충청남도.동남구.여자(외),5306
대한민국.충청남도.당진시,
대한민국.충청남도.당진시.남자(내),85940
대한민국.충청남도.당진시.여자(내),75539
대한민국.충청남도.당진시.남자(외),5120
대한민국.충청남도.당진시.여자(외),2908
대한민국.충청남도.논산시,
대한민국.충청남도.논산시.남자(내),55794
대한민국.충청남도.논산시.여자(내),56074
대한민국.충청남도.논산시.남자(외),2648
대한민국.충청남도.논산시.여자(외),2746
대한민국.충청남도.금산군,
대한민국.충청남도.금산군.남자(내),24813
대한민국.충청남도.금산군.여자(내),24840
대한민국.충청남도.금산군.남자(외),1333
대한민국.충청남도.금산군.여자(외),1450
대한민국.충청남도.공주시,
대한민국.충청남도.공주시.남자(내),51409
대한민국.충청남도.공주시.여자(내),52802
대한민국.충청남도.공주시.남자(외),1373
대한민국.충청남도.공주시.여자(외),1331
대한민국.충청남도.계룡시,
대한민국.충청남도.계룡시.남자(내),20500
대한민국.충청남도.계룡시.여자(내),20653
대한민국.충청남도.계룡시.남자(외),114
대한민국.충청남도.계룡시.여자(외),148
대한민국.충청북도,
대한민국.충청북도.흥덕구,
대한민국.충청북도.흥덕구.남자(내),134316
대한민국.충청북도.흥덕구.여자(내),131051
대한민국.충청북도.흥덕구.남자(외),4317
대한민국.충청북도.흥덕구.여자(외),3799
대한민국.충청북도.충주시,
대한민국.충청북도.충주시.남자(내),105756
대한민국.충청북도.충주시.여자(내),102694
대한민국.충청북도.충주시.남자(외),4170
대한민국.충청북도.충주시.여자(외),2729
대한민국.충청북도.청주시,
대한민국.충청북도.청주시.남자(내),421236
대한민국.충청북도.청주시.여자(내),415798
대한민국.충청북도.청주시.남자(외),10371
대한민국.충청북도.청주시.여자(외),9518
대한민국.충청북도.청원구,
대한민국.충청북도.청원구.남자(내),98717
대한민국.충청북도.청원구.여자(내),94003
대한민국.충청북도.청원구.남자(외),3125
대한민국.충청북도.청원구.여자(외),2458
대한민국.충청북도.진천군,
대한민국.충청북도.진천군.남자(내),43193
대한민국.충청북도.진천군.여자(내),39228
대한민국.충청북도.진천군.남자(외),6135
대한민국.충청북도.진천군.여자(외),3223
대한민국.충청북도.증평군,
대한민국.충청북도.증평군.남자(내),18305
대한민국.충청북도.증평군.여자(내),17106
대한민국.충청북도.증평군.남자(외),645
대한민국.충청북도.증평군.여자(외),596
대한민국.충청북도.제천시,
대한민국.충청북도.제천시.남자(내),66027
대한민국.충청북도.제천시.여자(내),65613
대한민국.충청북도.제천시.남자(외),997
대한민국.충청북도.제천시.여자(외),1113
대한민국.충청북도.음성군,
대한민국.충청북도.음성군.남자(내),46472
대한민국.충청북도.음성군.여자(내),41472
대한민국.충청북도.음성군.남자(외),9058
대한민국.충청북도.음성군.여자(외),3864
대한민국.충청북도.옥천군,
대한민국.충청북도.옥천군.남자(내),23822
대한민국.충청북도.옥천군.여자(내),23747
대한민국.충청북도.옥천군.남자(외),540
대한민국.충청북도.옥천군.여자(외),398
대한민국.충청북도.영동군,
대한민국.충청북도.영동군.남자(내),22201
대한민국.충청북도.영동군.여자(내),22310
대한민국.충청북도.영동군.남자(외),583
대한민국.충청북도.영동군.여자(외),452
대한민국.충청북도.서원구,
대한민국.충청북도.서원구.남자(내),94637
대한민국.충청북도.서원구.여자(내),96310
대한민국.충청북도.서원구.남자(외),2263
대한민국.충청북도.서원구.여자(외),2316
대한민국.충청북도.상당구,
대한민국.충청북도.상당구.남자(내),93566
대한민국.충청북도.상당구.여자(내),94434
대한민국.충청북도.상당구.남자(외),666
대한민국.충청북도.상당구.여자(외),945
대한민국.충청북도.보은군,
대한민국.충청북도.보은군.남자(내),15192
대한민국.충청북도.보은군.여자(내),15022
대한민국.충청북도.보은군.남자(외),351
대한민국.충청북도.보은군.여자(외),364
대한민국.충청북도.단양군,
대한민국.충청북도.단양군.남자(내),13492
대한민국.충청북도.단양군.여자(내),13183
대한민국.충청북도.단양군.남자(외),92
대한민국.충청북도.단양군.여자(외),170
대한민국.충청북도.괴산군,
대한민국.충청북도.괴산군.남자(내),18666
대한민국.충청북도.괴산군.여자(내),17598
대한민국.충청북도.괴산군.남자(외),769
대한민국.충청북도.괴산군.여자(외),493